{   
    "@context": "www.schema.org",
    "@type":"itemList",
    "itemListElement": [
        {
            "@type":"BoatTerminal",
            "name": "Puerto de Palma",
            "openingHours":[
                "Mo-Fr 06:30-20:00",
                "Sa-Su 06:30-13:30"
            ],
            "address":{
                "@type":"PostalAddress",
                "streetAddress": "Moll Vell,3-5",
                "addressLocality":"Palma",
                "postalCode":"07012",
                "addressCountry":"ES"
            },
            "geo": {
                "@type": "GeoCoordinates",
                "latitude": 39.561287,
                "longitude": 2.640066
            },
            "description": "El puerto de Palma es el puerto principal de la isla de Mallorca y uno de los más importantes de España. Ofrece servicios de transporte de pasajeros y carga, así como actividades de ocio y deportes acuáticos.",
            "smokingAllowed":"False",
            "hasDriveThroughService":"True",
            "aggregateRating": {
                "@type": "AggregateRating",
                "ratingValue": "4.4",
                "reviewCount": "820"
            },
            "additionalProperty":{
                "@type":"PropertyValue",
                "maxValue":"640"
            },
            "telephone":"+34 971 22 11 66",
            "keywords":{
                "@type":"DefinedTerm",
                "termCode":"info@puertodepalma.com",
                "additionalType":"http://www.puertodepalma.com/"
            },
            "faxNumber":"23324554",
            "hasMap": {
                "@type": "Map",
                "url": "https://www.google.es/maps/place/Puerto+de+Palma+de+Mallorca/@39.5575305,2.6232014,15z/data=!3m1!4b1!4m6!3m5!1s0x12979213a1c8a1d9:0x260be5ca49bd71c1!8m2!3d39.5572709!4d2.6307063!16s%2Fg%2F1211q02v",
                "mapType": "Hybrid"
            },
            "image":[
                "https://i.ytimg.com/vi/xxf9L3ub468/maxresdefault.jpg",
                "https://tripkay.com/destination-guides/wp-content/uploads/2016/04/creceros-en-el-puerto-de-Palma-de-Mallorca.jpg",
                "https://tripkay.com/destination-guides/wp-content/uploads/2016/07/Luxury-boat-at-the-port-of-Palma-de-Mallroca.jpg",
                "https://www.casadelpuzzle.com/images/productos/puzzle-schmidt-el-puerto-de-palma-de-mallorca-de-1000-piezas-1-16177.jpeg"
            ],
            "subjectOf":{
                "@type":"CreativeWork",
                "video":[
                    "https://www.youtube.com/watch?v=loJ-iPxv_L4&ab_channel=AEROCAMPRODUCTIONS"
                ],
                "audio":[
                    "link audio"
                ]
            }
        }
    ]
  }
